MacAddress,Ipaddress
98460ad9042a,172.24.44.10
98460ae6d743,172.24.44.11
98460ada5360,172.24.44.12
98460ad864be,172.24.44.13
98460ae58401,172.24.44.14
98460ada82d2,172.24.44.15
98460ae59015,172.24.44.16
98460ae10203,172.24.44.17
98460ae16d4d,172.24.44.18
98460ad8791e,172.24.44.19
98460ae5c57a,172.24.44.20
98460ae6fc2a,172.24.44.21
98460adc449d,172.24.44.22
98460ad907b2,172.24.44.23
98460add0583,172.24.44.24
98460ada18ed,172.24.44.25
98460ae0efd7,172.24.44.26
98460adfa308,172.24.44.27
98460ae219f5,172.24.44.28
98460ad862cc,172.24.44.29
98460ae1495c,172.24.44.30
98460ae037f4,172.24.44.31
98460ad7f54f,172.24.44.32
98460ae3469c,172.24.44.33
98460adea999,172.24.44.34
98460ae1aa09,172.24.44.35
98460ad8253b,172.24.44.36
98460ae24784,172.24.44.37
98460ae45052,172.24.44.38
98460adec0ad,172.24.44.39
98460adcb6d4,172.24.44.40
98460ae52d37,172.24.44.41
98460add450f,172.24.44.42
98460ae6ce97,172.24.44.43
98460ae5a102,172.24.44.44
98460add6ec7,172.24.44.45
98460adf7306,172.24.44.46
98460ada5aa5,172.24.44.47
98460ae4be5c,172.24.44.48
98460adb2ffc,172.24.44.49
98460ae42c6d,172.24.44.50
98460ae59b2c,172.24.44.51
98460ae430d6,172.24.44.52
98460adc5783,172.24.44.53
98460ad839b6,172.24.44.54
98460ad91e42,172.24.44.55
98460ad867ac,172.24.44.56
98460adefa60,172.24.44.57
98460adba74a,172.24.44.58
98460ad8d4c1,172.24.44.59
98460adae108,172.24.44.60
98460ad9e768,172.24.44.61
98460adea790,172.24.44.62
98460adfb805,172.24.44.63
98460ada49be,172.24.44.64
98460ae16507,172.24.44.65
98460ae4e25a,172.24.44.66
98460ae48709,172.24.44.67
98460ae5fc68,172.24.44.68
98460adc1cb3,172.24.44.69
98460ad912fa,172.24.44.70
98460ae25eb5,172.24.44.71
98460ad8e81c,172.24.44.72
98460ade6a64,172.24.44.73
98460adeda11,172.24.44.74
98460ae2c827,172.24.44.75
98460adb21ee,172.24.44.76
98460adb40fe,172.24.44.77
98460adbff10,172.24.44.78
98460ad8a269,172.24.44.79
98460addf27a,172.24.44.80
98460ae65f39,172.24.44.81
98460adeb26e,172.24.44.82
98460addf7fc,172.24.44.83
98460adb4988,172.24.44.84
98460add5265,172.24.44.85
98460ade4239,172.24.44.86
98460adc2a96,172.24.44.87
98460adaaa96,172.24.44.88
98460ade7a55,172.24.44.89
98460ae15a7d,172.24.44.90
98460ae31828,172.24.44.91
98460ae0942f,172.24.44.92
98460ae6bcd5,172.24.44.93
98460ae1c596,172.24.44.94
98460ad7de2c,172.24.44.95
98460add929b,172.24.44.96
98460ae4e1ff,172.24.44.97
98460ad8d44f,172.24.44.98
98460ae41476,172.24.44.99
98460adfefe9,172.24.44.100
28ec95de948a,172.24.44.101
98460ae558b7,172.24.44.102
98460adee26b,172.24.44.103
98460adf5cff,172.24.44.104
98460adb4bcc,172.24.44.105
98460ad86ac0,172.24.44.106
98460ae39998,172.24.44.107
98460ae05939,172.24.44.108
98460ad92793,172.24.44.109
98460ae33b08,172.24.44.110
98460adf01de,172.24.44.111
98460add6233,172.24.44.112
98460ad9a5fb,172.24.44.113
98460adec963,172.24.44.114
98460add3a04,172.24.44.115
98460ad9ff63,172.24.44.116
98460ae6d823,172.24.44.117
98460ae236bc,172.24.44.118
98460adbb99e,172.24.44.119
98460ae20cde,172.24.44.120
98460ae164d8,172.24.44.121
98460adce571,172.24.44.122
98460ae3562f,172.24.44.123
98460ae16d4a,172.24.44.124
98460ae353c3,172.24.44.125
98460ae01868,172.24.44.126
98460adb0c20,172.24.44.127
98460ade29b7,172.24.44.128
98460adc3bdc,172.24.44.129
98460ae2e76f,172.24.44.130
98460ae19464,172.24.44.131
98460adb771e,172.24.44.132
98460adca845,172.24.44.133
98460ad8646f,172.24.44.134
98460ae1ee48,172.24.44.135
98460ae24ef0,172.24.44.136
98460ae0f504,172.24.44.137
98460ae51460,172.24.44.138
98460ad99fb9,172.24.44.139
98460ae2020b,172.24.44.140
98460ae331c3,172.24.44.141
98460ae0a2d2,172.24.44.142
98460ae0405b,172.24.44.143
98460adbdde3,172.24.44.144
98460ad9c673,172.24.44.145
98460adab027,172.24.44.146
98460adfde69,172.24.44.147
98460ae38ce8,172.24.44.148
98460addaa76,172.24.44.149
98460ae1eb38,172.24.44.150
98460ad8baa1,172.24.44.151
98460ad8cb9b,172.24.44.152
98460adaa2f3,172.24.44.153
98460adf57ba,172.24.44.154
98460ae62168,172.24.44.155
98460adc42d9,172.24.44.156
98460ae4e2e8,172.24.44.157
98460ae6c8c0,172.24.44.158
98460adbd1e1,172.24.44.159
98460adabcdf,172.24.44.160
40261958b212,172.24.44.161
a8913da02f5a,172.24.44.162
a8913da867c2,172.24.44.163
a8913d809108,172.24.44.164
20e2a875a086,172.24.44.165
b841a46adcaa,172.24.44.166
ccc95de73de2,172.24.44.167
a8913da76f7f,172.24.44.168
ccc95debc5bc,172.24.44.169
e0b55f38abda,172.24.44.170
a8913da90921,172.24.44.171
e0b55f3a8c03,172.24.44.172
e0b55f2c8409,172.24.44.173
a8913d9d95e9,172.24.44.174
a8913d9d0962,172.24.44.175
586b148ee877,172.24.44.176
a8913da5a169,172.24.44.177
ccc95deb8fe3,172.24.44.178
a8913db179f0,172.24.44.179
ccc95de82487,172.24.44.180
a8913da3abf4,172.24.44.181
a8913da7fd68,172.24.44.182
ccc95df0370c,172.24.44.183
ccc95de81a3e,172.24.44.184
a8913d9c9dbe,172.24.44.185
a8913da55483,172.24.44.186
ccc95df273fd,172.24.44.187
ccc95deaedad,172.24.44.188
a8913d9e29c7,172.24.44.189
a8913d7b5670,172.24.44.190
44a8fc9e6126,172.24.44.191
44a8fca4237f,172.24.44.192
20e874223a92,172.24.44.193
20e8744be1cc,172.24.44.194
44a8fce42277,172.24.44.195
44a8fce9a226,172.24.44.196
b890478c9a26,172.24.44.197
b8904798f445,172.24.44.198
ccc95deda022,172.24.44.199
ccc95df25416,172.24.44.200
a8913d9ec804,172.24.44.201
a8913da7b334,172.24.44.202
a8913dae79ab,172.24.44.203
ccc95de7d1e5,172.24.44.204
ccc95dedffaa,172.24.44.205
444adb4d5531,172.24.44.206
a8913dae5f74,172.24.44.207
44a8fc9d452c,172.24.44.208
607ec9622ab0,172.24.44.209
